{"cameraMode":{"drawMode":0,"name":"Shaded","section":"Shading Mode"},"sceneLighting":true,"audioPlay":false,"sceneViewState":{"m_AlwaysRefresh":false,"showFog":true,"showSkybox":true,"showFlares":true,"showImageEffects":true,"showParticleSystems":true,"showVisualEffectGraphs":true,"m_FxEnabled":true},"in2DMode":false,"pivot":{"x":0.07472944259643555,"y":1.0482151508331299,"z":22.490848541259767},"rotation":{"x":-0.24037867784500123,"y":-0.06488402932882309,"z":0.0161065012216568,"w":-0.9683780074119568},"size":20.598785400390626,"orthographic":false}